[Sponsored]ReSpeaker Mic Array - Far-field w/ 7 PDM Microphones,[Sponsored]$89.00
[Sponsored]Samson Go Mic Portable USB Condenser Microphone,[Sponsored]$32.30
"",""
Neewer NW-700 Professional Studio Broadcasting Recording Condenser Microphone & NW-35 Adjustable Recording Microphone Suspension Scissor Arm Stand with Shock Mount and Mounting Clamp Kit,$30.78
"",""
"Blue Snowball iCE Condenser Microphone, Cardioid - Black",$49.00
Neewer NW-800 Professional Studio Broadcasting & Recording Microphone Set Including (1)NW-800 Professional Condenser Microphone + (1)Microphone Shock Mount + (1)Ball-type Anti-wind Foam Cap + (1)Microphone Power Cable (Black),$18.99
Pyle-Pro Professional Moving Coil Dynamic Cardioid Unidirectional Vocal Handheld Microphone Includes 15ft XLR Audio Cable to 1/4'' Audio Connection (PDMIC58),$16.43
"Professional #1 Best Lavalier Lapel Microphone Omnidirectional Condenser Mic for Apple IPhone Android & Windows Smartphones,Youtube,Interview,Studio,Video Recording,Noise Cancelling Mic",$12.99
Blue Yeti USB Microphone - Silver,$99.99
"TONOR Pro Condenser PC Microphone Kit with 3.5mm XLR Mic for Computer Studio Recording Broadcast with Pop Filter Scissor Arm Stand Shock Mount, Best for Youtube Facebook Live Periscope",$31.99
"USB Microphone,Fifine Plug &Play Home Studio USB Condenser Microphone for Skype, Recordings for YouTube, Google Voice Search, Games(Windows/Mac)-K668",$21.99
"PLAY X STORE Lapel Omnidirectional Condenser Microphone Recording Clip On Mini Mic For IPhone And Android Mobile Phone,Tablet & PC With 1.5 Meters Cable (BLACK)",$9.99
Blue Yeti USB Microphone - Midnight Blue,$89.00
Professional Stereoscopic Condenser Sound Microphone With Stand for PC Laptop Skype MSN QQ Recording Black,$15.99
"Lavalier Microphone, Seacue 3.5mm Lapel Clip-on Omnidirectional Condenser Microphone for iPhone & Android Smartphones or any other mobile device",$7.29
"ZINGYOU Condenser Microphone Kit, BM-800 Mic Set with Adjustable Mic Suspension Scissor Arm, Metal Shock Mount and Double-layer Pop Filter for Studio Recording & Brocasting (Microphone Bundle)",$31.98
Blue Yeti USB Microphone - Satin Red,$89.00
Blue Snowball USB Microphone (Brushed Aluminum),$51.83
"[Sponsored]Mugig Vocal Dynamic Microphone Suitable for Podcasting and Karaoke with XLR Male to 1/4"" Female Cable",[Sponsored]$30.99
[Sponsored]Pro Condenser Lavalier Lapel Microphone JK MIC-J 017 for Sennheiser Wireless Transmitter - Noise Cancelling Mic,[Sponsored]$28.00
[Sponsored]AmazonBasics Wireless Mouse with Nano Receiver (MGR0975),[Sponsored]$6.98
"[Sponsored]Gaming Mouse, HAVIT 2800DPI 6 Buttons LED Optical Wired Mouse, Black",[Sponsored]$7.99
AmazonBasics 3-Button USB Wired Mouse (Black),$5.49
"VicTsing MM057 2.4G Wireless Portable Mobile Mouse Optical Mice with USB Receiver, 5 Adjustable DPI Levels, 6 Buttons for Notebook, PC, Laptop, Computer, Macbook - Black",$11.99
"",""
"TeckNet Classic 2.4G Portable Optical Wireless Mouse with USB Nano Receiver for Notebook,PC,Laptop,Computer,6 Buttons,18 Months Battery Life,2400 DPI,5 Adjustment Levels",$7.99
"HAVIT HV-MS672 3200DPI Wired Mouse, 4 Adjustable DPI Levels, 800/1200/2400/3200DPI, 7 Circular & Breathing LED Light, 6 Buttons [ Updated Version ]",$7.99
"VicTsing 4-Button Wired USB Optical Mouse with 5ft Cord, Computer Mouse with 3 Adjustable DPI Level (1000/1600/2000), Compatible with PC, Mac, Desktop and Laptop",$8.99
"Pictek Gaming Mouse Wired [7200 DPI] [Programmable] [ Breathing Light] Ergonomic Game Computer Mice with 7 Buttons for PC,Gamer",$16.99
"VicTsing 2.4G Slim Wireless Mouse with Nano Receiver, Noiseless and Silent Click with 1600 DPI for PC, Laptop, Tablet, Computer, and Mac, Black",$9.49
Logitech M510 Wireless Mouse,""
"TeckNet Classic 2.4G Portable Optical Wireless Mouse with USB Nano Receiver for Notebook,PC,Laptop,Computer,6 Buttons,18 Months Battery Life,2400 DPI,5 Adjustment Levels",$8.99
AmazonBasics Wireless Mouse with Nano Receiver (MGR0975),$6.98
"Redragon M601 Gaming Mouse wired with red led, 3200 DPI 6 Buttons Ergonomic CENTROPHORUS Gaming Mouse for PC",$12.99
"Jelly Comb 2.4G Slim Wireless Mouse with Nano Receiver Less Noise, Portable Mobile Optical Mice for Notebook, PC, Laptop, Computer, Macbook - White and Gold",$9.95
"TeckNet Pro 2.4G Ergonomic Wireless Mobile Optical Mouse with USB Nano Receiver for Laptop,PC,Computer,Chromebook,Macbook,Notebook,6 Buttons,24 Months Battery Life,5 DPI Adjustment Levels",$9.99
"VersionTech 2400 DPI Gaming Mouse with 7 Auto-Changing Color's for Computer/PC/Laptop, USB Wired Mouse, 4 Adjustable DPI Levels with 6 Buttons for Gaming/Gamer, White",$9.99
"Jelly Comb 2.4G Slim Wireless Mouse with Nano Receiver, Less Noise, Portable Mobile Optical Mice for Notebook, PC, Laptop, Computer, Macbook - Black",$8.59
[Sponsored]JETech 2.4Ghz Wireless Mobile Optical Mouse with 6-Month Battery Life - 0885,[Sponsored]$6.99
"[Sponsored]Gaming Mouse, UtechSmart Venus 16400 DPI High Precision Laser MMO Gaming Mouse [ IGN's PICK]",[Sponsored]$38.99
"EVGA GeForce GTX 1080 Ti SC Black Edition GAMING, 11GB GDDR5X, iCX Cooler & LED, Optimized Airflow Design, Interlaced Pin Fin Graphics Card 11G-P4-6393-KR",""
ASUS ROG-STRIX-GTX1080TI-O11G-GAMING GeForce 11GB OC Edition VR Ready 5K HD Gaming HDMI DisplayPort DVI Overclocked PC GDDR5X Graphics Card,""
Gigabyte AORUS GeForce GTX 1080 Ti 11GB Graphic Cards GV-N108TAORUS-11GD,$858.23
MSI GTX 1080 TI GAMING X Video Graphic Cards,$766.89
"",""
Gigabyte GV-N108TAORUSX WB-11GD AORUS GeForce GTX 1080 Ti Waterforce WB Xtreme Edition 11G  Graphic Cards,$859.99
Nvidia GEFORCE GTX 1080 Ti - FE Founder's Edition,"$1,099.99"
ASUS ROG Strix GeForce GTX 1070 Ti 8GB GDDR5 Advanced Edition VR Ready DP HDMI DVI Gaming Graphics Card (ROG-STRIX-GTX1070TI-A8G-GAMING),$499.99
ZOTAC ZT-P10810F-10P GeForce GTX 1080 Ti AMP Extreme Core Edition 11GB GDDR5X 352-bit Gaming Graphics Card VR Ready,$853.25
MSI GAMING GeForce GTX 1080 Ti 11GB GDDR5X 352-bit DirectX 12 VR Ready Graphics Card Black/Black (GTX 1080 TI GAMING X TRIO),""
ASUS GeForce GTX 1080 8GB ROG STRIX Graphics Card (STRIX-GTX1080-A8G-GAMING),$569.89
"EVGA GeForce GTX 1070 Ti SC GAMING ACX 3.0 Black Edition, 8GB GDDR5, EVGA OCX Scanner OC, White LED, DX12OSD Support (PXOC) Graphics Card 08G-P4-5671-KR",$569.99
"EVGA GeForce GTX 1080 FTW GAMING ACX 3.0, 8GB GDDR5X, RGB LED, 10CM FAN, 10 Power Phases, Double BIOS, DX12 OSD Support (PXOC) Graphics Card 08G-P4-6286-KR",$676.77
"EVGA GeForce GTX 1070 SC GAMING ACX 3.0 Black Edition, 8GB GDDR5, LED, DX12 OSD Support (PXOC) 08G-P4-5173-KR",$469.00
Nvidia GTX TITAN X 12GB GDDR5 PCI-e x16 3 x DisplayPort | DVI | HDMI Graphics Video Card,""
Nvidia Titan XP - Brand New Model - April 2017 Release,"$1,472.15"
Gigabyte GeForce GTX 1080 G1 Gaming 8G,$559.99
MSI Gaming GeForce GTX 1080 8GB GDDR5X SLI DirectX 12 VR Ready Graphics Card (GTX 1080 GAMING X 8G),$589.99
"Atlas Graphics Card Brace Support. A Video Card Holder, GPU brace, for custom Deskto Pc Gaming. a GPU stand case mod.",$17.85
NVIDIA GeForce Titan X Pascal 12GB GDDR5X (900-1G611-2500-000),"$1,649.99"
ZOTAC GeForce GTX 1070 Mini 8GB GDDR5 VR Ready Super Compact Gaming Graphics Card (ZT-P10700G-10M),$429.99
"ZOTAC GeForce GTX 1080 AMP! Edition, ZT-P10800C-10P, 8GB GDDR5X IceStorm Cooling, Metal Wraparound Carbon ExoArmor exterior, Ultra-wide 100mm Fans Gaming Graphics Card",$549.99
MSI VCX GTX 1080 TI SEA HAWK X 11GB GDDR5x 352B PCIE HDMI 3xDP DL-DVI-D Retail,$939.99
ASUS GeForce GTX 1070 8GB ROG STRIX OC Edition Graphic Card STRIX-GTX1070-O8G-GAMING,$569.24
"ZOTAC GeForce GTX 1070 Ti AMP EDITION 8GB GDDR5 256-bit Gaming Graphics Card IceStorm Cooling, Metal Backplate, Spectra Lighting, PowerBoost ZT-P10710C-10P",$469.99
"[Sponsored]HP OMEN 880 Ultra Performance VR Ready Desktop PC (Intel Core i7-7700K Liquid Cooled CPU, 11GB GDDR5X NVIDIA GTX 1080Ti GPU, Windows 10 Professional, 512GB PCIe SSD + 2TB 7200RPM HDD, 32GB DDR4 RAM)","[Sponsored]$2,399.95"
"[Sponsored]Atlas Graphics Card Brace Support. A Video Card Holder, GPU brace, for custom Deskto Pc Gaming. a GPU stand case mod.",[Sponsored]$17.85
[Sponsored]AMD Ryzen 7 1700 Processor with Wraith Spire LED Cooler (YD1700BBAEBOX),[Sponsored]$294.00
